Classification Name,Classification Code,Country Name,Country Code,Time,Time Code,Cost of a healthy diet relative to the cost of sufficient energy from starchy staples [CoHD_CoCA],Cost share for fruits in a least-cost healthy diet [CoHD_f_prop],Cost share for vegetables in a least-cost healthy diet [CoHD_v_prop],Cost share for starchy staples in a least-cost healthy diet [CoHD_ss_prop],Cost share for animal-sourced foods in a least-cost healthy diet [CoHD_asf_prop],"Cost share for legumes, nuts and seeds in a least-cost healthy diet [CoHD_lns_prop]",Cost share for oils and fats in a least-cost healthy diet [CoHD_of_prop],Population [Pop],Population-weighted cost of fats and oils in PPP dollars [CoHD_of_PPP_PoP],"Population-weighted cost of legumes, nuts and seeds in PPP dollars [CoHD_lns_PPP_PoP]",Population-weighted cost of animal source foods in PPP dollars [CoHD_asf_PPP_PoP],Population-weighted cost of starchy staples in PPP dollars [CoHD_ss_PPP_PoP],Population-weighted cost of vegetables in PPP dollars [CoHD_v_PPP_PoP],Population-weighted cost of fruits in PPP dollars [CoHD_f_PPP_PoP],Population-weighted cost of a healthy diet in PPP dollars [CoHD_PPP_PoP],Population-weighted cost of a nutrient adequate diet in PPP dollars [CoNA_PPP_PoP],Population-weighted cost of an energy sufficient diet in PPP dollars [CoCA_PPP_PoP],Cost of fats and oils in PPP dollars [CoHD_of_PPP],"Cost of legumes, nuts and seeds in PPP dollars [CoHD_lns_PPP]",Cost of animal source foods in PPP dollars [CoHD_asf_PPP],Cost of starchy staples in PPP dollars [CoHD_ss_PPP],Cost of animal source foods in local currency unit [CoHD_asf_LCU],"Cost of legumes, nuts and seeds in local currency unit [CoHD_lns_LCU]",Cost of fats and oils in local currency unit [CoHD_of_LCU],"GDP per capita, PPP (current international $) [NY.GDP.PCAP.PP.CD]",Cost of fruits in PPP dollars [CoHD_f_PPP],"GNI per capita, PPP (current international $) [NY.GNP.PCAP.PP.CD]",Cost of vegetables in PPP dollars [CoHD_v_PPP],Cost of starchy staples in local currency unit [CoHD_ss_LCU],Cost of vegetables in local currency unit [CoHD_v_LCU],Cost of fruits in local currency unit [CoHD_f_LCU],Cost of a healthy diet in PPP dollars [CoHD_PPP],Cost of an energy sufficient diet in PPP dollars [CoCA_PPP],Cost of a nutrient adequate diet in PPP dollars [CoNA_PPP],Cost of a nutrient adequate diet in local currency unit [CoNA_LCU],Cost of an energy sufficient diet in local currency unit [CoCA_LCU],Cost of a healthy diet in local currency unit [CoHD_LCU],Millions of people who cannot afford a healthy diet [CoHD_unafford_n],Millions of people who cannot afford nutrient adequacy [CoNA_unafford_n],Millions of people who cannot afford sufficient calories [CoCA_unafford_n],Percent of the population who cannot afford a healthy diet [CoHD_headcount],Percent of the population who cannot afford nutrient adequacy [CoNA_headcount],Percent of the population who cannot afford sufficient calories [CoCA_headcount],Affordability of a nutrient adequate diet: ratio of cost to food expenditures [CoNA_fexp],Affordability of an energy sufficient diet: ratio of cost to food expenditures [CoCA_fexp],Affordability of a healthy diet: ratio of cost to the food poverty line [CoHD_pov],Affordability of a nutrient adequate diet: ratio of cost to the food poverty line [CoNA_pov],Affordability of an energy sufficient diet: ratio of cost to the food poverty line [CoCA_pov],Cost of oils and fats relative to the starchy staples in a least-cost healthy diet [CoHD_of_ss],"Cost of legumes, nuts and seeds relative to the starchy staples in a least-cost healthy diet [CoHD_lns_ss]",Cost of animal-sourced foods relative to the starchy staples in a least-cost healthy diet [CoHD_asf_ss],Cost of vegetables relative to the starchy staples in a least-cost healthy diet [CoHD_v_ss],Cost of fruits relative to the starchy staples in a least-cost healthy diet [CoHD_f_ss]
Food Prices for Nutrition 5.0,FPN 5.0,Pakistan,PAK,2020,YR2020,..,..,..,..,..,..,..,235001746,..,..,..,..,..,..,..,..,..,..,..,..,..,..,..,..,..,..,..,..,..,..,..,3.18,..,..,..,..,126.96,145.9,..,..,62.1,..,..,..,..,1.35,..,..,..,..,..,..,..
Food Prices for Nutrition 5.0,FPN 5.0,Pakistan,PAK,2021,YR2021,3.67,0.23,0.12,0.14,0.33,0.1,0.08,239477801,..,..,..,..,..,..,..,..,..,0.28,0.33,1.08,0.45,46.12,14.04,11.68,..,0.77,..,0.39,19.15,16.58,32.77,3.3,0.9,2.04,86.72,38.17,140.33,150,94.3,33.1,62.6,39.4,13.8,0.43,0.19,1.4,0.87,0.38,0.61,0.74,2.41,0.87,1.72
Food Prices for Nutrition 5.0,FPN 5.0,Pakistan,PAK,2022,YR2022,..,..,..,..,..,..,..,243700667,..,..,..,..,..,..,..,..,..,..,..,..,..,..,..,..,..,..,..,..,..,..,..,3.7,..,..,..,..,174.55,157.2,..,..,64.5,..,..,..,..,1.57,..,..,..,..,..,..,..
Food Prices for Nutrition 5.0,FPN 5.0,Pakistan,PAK,2023,YR2023,..,..,..,..,..,..,..,247504495,..,..,..,..,..,..,..,..,..,..,..,..,..,..,..,..,..,..,..,..,..,..,..,4.08,..,..,..,..,241.77,166.3,..,..,67.2,..,..,..,..,1.74,..,..,..,..,..,..,..
Food Prices for Nutrition 5.0,FPN 5.0,Pakistan,PAK,2024,YR2024,..,..,..,..,..,..,..,251269164,..,..,..,..,..,..,..,..,..,..,..,..,..,..,..,..,..,..,..,..,..,..,..,3.95,..,..,..,..,256.13,161.7,..,..,64.4,..,..,..,..,1.68,..,..,..,..,..,..,..
Food Prices for Nutrition 5.0,FPN 5.0,Pakistan,PAK,2025,YR2025,..,..,..,..,..,..,..,255219554,..,..,..,..,..,..,..,..,..,..,..,..,..,..,..,..,..,..,..,..,..,..,..,3.94,..,..,..,..,257.39,160.7,..,..,63,..,..,..,..,1.68,..,..,..,..,..,..,..
Food Prices for Nutrition 5.0,FPN 5.0,United States,USA,2020,YR2020,..,..,..,..,..,..,..,339436159,..,..,..,..,..,..,..,..,..,..,..,..,..,..,..,..,..,..,..,..,..,..,..,2.28,..,..,..,..,2.28,12.7,..,..,3.7,..,..,..,..,0.17,..,..,..,..,..,..,..
Food Prices for Nutrition 5.0,FPN 5.0,United States,USA,2021,YR2021,5.42,0.22,0.32,0.13,0.24,0.07,0.03,340161441,..,..,..,..,..,..,..,..,..,0.06,0.17,0.56,0.29,0.56,0.17,0.06,..,0.53,..,0.74,0.29,0.74,0.53,2.36,0.44,1.58,1.58,0.43,2.36,9.9,9.2,8.2,2.9,2.7,2.4,0.2,0.06,0.18,0.12,0.03,0.21,0.58,1.91,2.52,1.79
Food Prices for Nutrition 5.0,FPN 5.0,United States,USA,2022,YR2022,..,..,..,..,..,..,..,341534046,..,..,..,..,..,..,..,..,..,..,..,..,..,..,..,..,..,..,..,..,..,..,..,2.63,..,..,..,..,2.63,18.3,..,..,5.4,..,..,..,..,0.2,..,..,..,..,..,..,..
Food Prices for Nutrition 5.0,FPN 5.0,United States,USA,2023,YR2023,..,..,..,..,..,..,..,343477335,..,..,..,..,..,..,..,..,..,..,..,..,..,..,..,..,..,..,..,..,..,..,..,2.76,..,..,..,..,2.76,17.7,..,..,5.2,..,..,..,..,0.2,..,..,..,..,..,..,..
Food Prices for Nutrition 5.0,FPN 5.0,United States,USA,2024,YR2024,..,..,..,..,..,..,..,345426571,..,..,..,..,..,..,..,..,..,..,..,..,..,..,..,..,..,..,..,..,..,..,..,2.79,..,..,..,..,2.79,16,..,..,4.6,..,..,..,..,0.21,..,..,..,..,..,..,..
Food Prices for Nutrition 5.0,FPN 5.0,United States,USA,2025,YR2025,..,..,..,..,..,..,..,347275807,..,..,..,..,..,..,..,..,..,..,..,..,..,..,..,..,..,..,..,..,..,..,..,2.86,..,..,..,..,2.86,15.7,..,..,4.5,..,..,..,..,0.21,..,..,..,..,..,..,..
Food Prices for Nutrition 5.0,FPN 5.0,United Kingdom,GBR,2020,YR2020,..,..,..,..,..,..,..,67351861,..,..,..,..,..,..,..,..,..,..,..,..,..,..,..,..,..,..,..,..,..,..,..,1.86,..,..,..,..,1.39,2.1,..,..,3,..,..,..,..,0.14,..,..,..,..,..,..,..
Food Prices for Nutrition 5.0,FPN 5.0,United Kingdom,GBR,2021,YR2021,7.51,0.3,0.23,0.08,0.24,0.12,0.03,67668792,..,..,..,..,..,..,..,..,..,0.05,0.23,0.46,0.15,0.34,0.17,0.04,..,0.57,..,0.43,0.11,0.32,0.42,1.9,0.25,1.27,0.93,0.19,1.4,2.1,1.9,1.6,3.1,2.8,2.3,0.22,0.04,0.14,0.09,0.02,0.35,1.49,3.04,2.84,3.76
Food Prices for Nutrition 5.0,FPN 5.0,United Kingdom,GBR,2022,YR2022,..,..,..,..,..,..,..,68179315,..,..,..,..,..,..,..,..,..,..,..,..,..,..,..,..,..,..,..,..,..,..,..,2.23,..,..,..,..,1.55,1.9,..,..,2.8,..,..,..,..,0.17,..,..,..,..,..,..,..
Food Prices for Nutrition 5.0,FPN 5.0,United Kingdom,GBR,2023,YR2023,..,..,..,..,..,..,..,68682962,..,..,..,..,..,..,..,..,..,..,..,..,..,..,..,..,..,..,..,..,..,..,..,2.64,..,..,..,..,1.78,2,..,..,3,..,..,..,..,0.2,..,..,..,..,..,..,..
Food Prices for Nutrition 5.0,FPN 5.0,United Kingdom,GBR,2024,YR2024,..,..,..,..,..,..,..,69138192,..,..,..,..,..,..,..,..,..,..,..,..,..,..,..,..,..,..,..,..,..,..,..,2.67,..,..,..,..,1.83,2,..,..,2.9,..,..,..,..,0.2,..,..,..,..,..,..,..
Food Prices for Nutrition 5.0,FPN 5.0,United Kingdom,GBR,2025,YR2025,..,..,..,..,..,..,..,69551332,..,..,..,..,..,..,..,..,..,..,..,..,..,..,..,..,..,..,..,..,..,..,..,2.75,..,..,..,..,1.9,2,..,..,2.9,..,..,..,..,0.2,..,..,..,..,..,..,..
,,,,,,,,,,,,,,,,,,,,,,,,,,,,,,,,,,,,,,,,,,,,,,,,,,,,,,,,,,
,,,,,,,,,,,,,,,,,,,,,,,,,,,,,,,,,,,,,,,,,,,,,,,,,,,,,,,,,,
,,,,,,,,,,,,,,,,,,,,,,,,,,,,,,,,,,,,,,,,,,,,,,,,,,,,,,,,,,
Data from database: Food Prices for Nutrition,,,,,,,,,,,,,,,,,,,,,,,,,,,,,,,,,,,,,,,,,,,,,,,,,,,,,,,,,,
Last Updated: 07/21/2026,,,,,,,,,,,,,,,,,,,,,,,,,,,,,,,,,,,,,,,,,,,,,,,,,,,,,,,,,,
